{
  "project_info": {
    "project_number": "119998627996",
    "project_id": "rotate-193b8",
    "storage_bucket": "rotate-193b8.appspot.com"
  },
  "client": [
    {
      "client_info": {
        "mobilesdk_app_id": "1:119998627996:android:2782ed25769490ab306d59",
        "android_client_info": {
          "package_name": "com.example.anew"
        }
      },
      "oauth_client": [
        {
          "client_id": "119998627996-1o0hqpjo32o11jjqqeoui910hn3kesps.apps.googleusercontent.com",
          "client_type": 3
        }
      ],
      "api_key": [
        {
          "current_key": "AIzaSyAesa57YqOwa7l_WDpcvI8BaMcoDsPdnFs"
        }
      ],
      "services": {
        "appinvite_service": {
          "other_platform_oauth_client": [
            {
              "client_id": "119998627996-1o0hqpjo32o11jjqqeoui910hn3kesps.apps.googleusercontent.com",
              "client_type": 3
            }
          ]
        }
      }
    }
  ],
  "configuration_version": "1"
}